demo,robot,method,param,success,tau_rate_rms,tau_rate_p99,tau_hf_rms,tau_peak,chatter_energy_pct,track_rms_mm,track_at_grasp_mm,tcp_jerk
demo_01,panda,raw,,1,139.69321037593758,478.982941013412,1.0820084550170257,57.853800604481876,6.245041168539712,21.24931642299141,4.343155148191154,68.27683355167278
demo_01,panda,lowpass,2.5,1,50.762757553901054,207.62331431940325,0.38236263941325205,57.84771016491868,0.9084049099910393,20.89490880011157,9.244041936162814,41.43596337956316
demo_01,panda,torque,1e-05,1,36.039194226565286,142.52221479710047,0.3572997991877296,54.611891185824334,0.8312772161775147,21.19235675206473,3.378062188571751,40.11998889118199
demo_01,panda,lowpass,1.0,1,45.11979249118372,169.14376902373996,0.3808995614235055,57.74212951641039,0.9736030969041283,20.171482127354043,10.545142744148096,41.40145961198532
demo_01,panda,lowpass,1.5,1,46.91098522570384,181.49013422887967,0.3920610146976623,57.77319966645973,0.984136918685433,20.597243241876484,10.114236235363254,40.54866571574401
demo_01,panda,lowpass,4.0,1,62.947968445696816,245.11856867462507,0.42211321402604707,57.85484433112515,1.052747274017758,21.121669792018395,8.302428096735337,43.487112230308185
demo_01,panda,lowpass,6.0,1,73.08682707640747,272.8325566335507,0.49280692181248453,57.853788248740784,1.3909142337648257,21.20740449439684,7.306741072970913,45.98413956204278
demo_01,panda,torque,1.0000000000000001e-07,1,42.949621356391354,181.57663424534854,0.3668644996009254,56.9249425451485,0.801783389239285,21.233754778152026,4.115006850366928,38.549173367585034
demo_01,panda,torque,1.0000000000000002e-06,1,38.354328830693326,158.90709616694056,0.349277842848631,56.06681939045666,0.7666226735963356,21.179151126895473,3.791947066333354,38.22169590455196
demo_01,panda,torque,0.0001,1,33.872069310801066,129.71029894857577,0.33702498307729856,52.21298892828918,0.7707458057774208,21.99352834464583,3.2487789416574833,41.90988711720104
demo_01,panda,torque,0.001,1,32.5716977932158,100.46592007650376,0.30131498654587724,51.66601622812141,0.8070171385437179,24.312701967741866,3.775651248152509,34.1095866128445
demo_03,panda,raw,,1,141.49865213633092,535.2871041124579,1.1522020572036944,70.75192203157349,10.926574966639688,19.059267420931462,2.6862053021564254,71.61439523641515
demo_03,panda,lowpass,2.5,1,45.53715522269096,175.70134113829909,0.3256060073108276,47.241841072438774,1.0702398781182862,18.8540801199469,9.940240850497341,40.51076241236501
demo_03,panda,torque,1e-05,1,22.186938805675815,95.64994338285824,0.17034267931400232,45.79460777050281,0.3122987541241812,19.05222668086612,1.4894108347155657,33.37416918362455
demo_03,panda,lowpass,1.0,1,29.506488080761024,108.2432774920869,0.15217697756369802,46.20329806603695,0.2722241986897128,18.197750964335885,13.503428370777304,37.70627523069575
demo_03,panda,lowpass,1.5,1,35.0260320157045,122.56288278478448,0.20831385363697774,46.17766716416372,0.4696458625593123,18.601580346131176,11.685640539973724,36.58188395573397
demo_03,panda,lowpass,4.0,1,58.00425673394735,203.7288803684623,0.43133912293769266,55.2944133767046,1.7814326528827018,18.975829516002392,8.4111949342965,43.06114506622668
demo_03,panda,lowpass,6.0,1,73.95055182003435,244.87679858241899,0.5996878366991105,63.1954782467119,3.2895308098699885,19.024766643839154,6.927215018334172,48.603319764192015
demo_03,panda,torque,1.0000000000000001e-07,1,26.849119617465558,120.37401893559033,0.17124127275450401,45.77625393129529,0.292946638928587,19.05474495497942,2.4091901005017555,37.01243927661186
demo_03,panda,torque,1.0000000000000002e-06,1,25.772099712639974,105.57577127854755,0.21386434923878425,45.53391477860623,0.46869649308618877,19.041720669226216,1.9503285759471998,36.55790518304919
demo_03,panda,torque,0.0001,1,16.776842361243823,80.47152473399022,0.06528635073745892,45.299228536178816,0.04913564459974715,19.66063656015016,1.4813628215678842,41.188734327983575
demo_03,panda,torque,0.001,1,16.563065674656553,67.77926361516506,0.09600326307243415,43.707199321404914,0.13349213444867836,21.648253375890356,2.878960940895237,37.360218092192525
demo_12,panda,raw,,1,227.06026919807132,836.2253879327317,2.102266728775692,75.74652912090914,15.384274619769261,25.03441884647991,3.138231172571127,140.51341379009688
demo_12,panda,lowpass,2.5,1,103.40257871742135,332.5069479036839,1.1136080983952068,53.12485692971677,5.382048027400034,24.587808193814855,11.639136958818051,82.57006494052389
demo_12,panda,torque,1e-05,1,51.58183960626504,215.6671217371344,0.33522817747863065,48.853302845870076,0.7613014293608,25.108583125934928,2.988790868643388,106.57103735457557
demo_12,panda,lowpass,1.0,1,91.81294560831485,330.3547414366872,0.9677919609748088,53.159343211126725,3.130733105882429,23.514233399784537,10.235825743095393,72.96268040250902
demo_12,panda,lowpass,1.5,1,89.7793718847471,300.32346066509655,1.0067972071519915,53.12688273512458,4.322068867745473,24.089281444057807,12.917292781576162,70.24601533419288
demo_12,panda,lowpass,4.0,1,135.18501417265435,443.2663162325986,1.4813792575521345,59.32609907316464,9.64470757206408,24.821736953943283,10.23584704371267,121.87014847987224
demo_12,panda,lowpass,6.0,1,171.32396975813464,466.57241489941293,1.4667555777617944,61.907470833331445,7.875134389373335,24.931671196143597,8.314226629458716,215.77238768219786
demo_12,panda,torque,1.0000000000000001e-07,1,73.48645046315141,252.9824334549458,0.8210345385216081,53.045812549627044,2.9613658165778665,24.997907990868775,2.9125604985440834,81.95636299703156
demo_12,panda,torque,1.0000000000000002e-06,1,74.95647345000229,241.3029182820982,0.8800060680598722,49.405320614793254,3.841707973143809,25.006657456751444,2.4205404985183705,90.54302161916581
demo_12,panda,torque,0.0001,1,43.47963001759406,194.82296685367615,0.2290069437924691,48.39739656639904,0.3970845319675583,25.722548596735326,4.3602149325097415,120.86883698108885
demo_12,panda,torque,0.001,1,48.978021461902884,193.72714265336947,0.5324929864813746,48.18926544508895,1.6722219704671,26.755856176231102,7.3613598215847915,43.30308212817722
demo_01,g1,raw,,1,168.17762933756643,489.5330776187526,1.6061081578138692,127.9631091887131,0.9829476766232568,27.60858427303299,23.86905089369348,1342.040370328047
demo_01,g1,lowpass,2.5,1,162.65994740612535,400.24518853652944,1.5536240170914435,128.0876909889751,0.9632271114646657,25.82902874467194,17.751260901405836,1499.467900966517
demo_01,g1,torque,0.001,1,162.5172159128186,398.3822401494398,1.5779088329227073,127.43755527637438,1.0318630792674348,25.14326582774544,24.04643552256981,1478.0737454226548
demo_01,g1,lowpass,1.0,1,152.96707069681128,322.21449951772456,1.5086528322579051,123.50780122020379,0.9383914390433744,24.52688380557396,13.669489132790126,1678.9281923752046
demo_01,g1,lowpass,1.5,1,162.1836040764235,360.6929308923043,1.5969612430876077,123.99217057188167,1.081112339403392,24.635671406543512,15.605601537389717,1633.1927481251525
demo_01,g1,lowpass,4.0,1,156.31969607333002,409.3449303805389,1.5236854158386834,128.8135425115504,0.8857343032810845,27.388938956105175,19.357311501440595,1494.473370086317
demo_01,g1,lowpass,6.0,1,157.97459919572572,414.04719021910677,1.5141556632769895,129.48381034312757,0.8606451951932371,27.76380099716287,20.573553467527883,1475.5376721289786
demo_01,g1,torque,1e-05,1,157.57225128636426,416.29355236975846,1.49485560240996,130.50008203965336,0.8193335931968729,27.51649001632693,23.808777392680387,1510.5974293332968
demo_01,g1,torque,0.0001,1,157.53287626856138,403.37272218080284,1.5214003376032403,128.6796195336462,0.8931156913591827,26.59488161140569,23.8889297690263,1528.6764423583543
demo_01,g1,torque,0.01,1,157.81701589306144,364.6949777517528,1.5948742118986947,124.38726585989593,1.0656235216135062,25.363749160777708,24.09192025422799,1543.1981239224951
demo_01,g1,torque,0.1,1,118.2351324591889,278.1928182689188,0.7351355542321414,78.47271622151399,0.2702026610782565,27.191840245063432,24.77404906021695,1598.6511821215684
demo_03,g1,raw,,1,97.7129629956186,332.3322913666518,0.9452089583061865,69.7895562374616,1.3004653706133504,12.827212787255313,21.730269690423082,1164.4164346281286
demo_03,g1,lowpass,2.5,1,58.31602235103222,241.8850520011313,0.35921817360426295,61.63690215663408,0.19874264067501457,12.53780645975829,15.187066124516912,537.706596664435
demo_03,g1,torque,0.001,1,58.24250360732379,253.83510932267637,0.3257947950577402,63.787069493520846,0.17194531604956564,12.842964994274064,21.88314437854828,608.8320842699981
demo_03,g1,lowpass,1.0,1,73.36414301706725,218.87840459513387,0.8228579197045083,65.54766407690191,1.2547592427698657,12.727120658744909,11.493146517360286,479.98768745131457
demo_03,g1,lowpass,1.5,1,56.60179933279966,236.00992639970602,0.3028737175360606,59.95677399735641,0.15512752480328776,12.311821607303878,13.12145205443649,682.7266024658871
demo_03,g1,lowpass,4.0,1,67.45470522647379,263.4784954900324,0.4909238596202745,64.42810446305123,0.36150752855689705,12.684640830127059,16.85440078760029,920.651326068764
demo_03,g1,lowpass,6.0,1,77.60835018364541,296.72306824804946,0.6236772524897937,69.02057295408815,0.5724587510504645,12.793582406542487,18.146638566516174,1082.3363536780796
demo_03,g1,torque,1e-05,1,67.61450188729285,252.11161439311505,0.4896489381855465,68.2214644396069,0.3586226001072297,12.728436244311972,21.725463198838483,934.5469988170131
demo_03,g1,torque,0.0001,1,57.677668349808,222.5269652176912,0.3683717660334689,64.30595287410583,0.2115402121897008,12.696567623355676,21.809700025956296,516.8992982932699
demo_03,g1,torque,0.01,1,91.72094921475733,304.35316559434625,1.0206929347041558,86.98781576629226,1.417329034951682,14.298114494645759,22.222545392717393,611.3239045199941
demo_03,g1,torque,0.1,1,109.6430527687041,251.72820327687913,1.315758606734333,125.1643430759684,1.740051006305324,16.786395410503964,22.503662431057833,611.5215043393341
demo_12,g1,raw,,1,186.11351915094693,761.694248969669,1.4455665554917032,97.53115834655387,2.5699963174828544,15.159972635975032,24.321114759960963,2888.124790563002
demo_12,g1,lowpass,2.5,1,151.6838060814086,561.4443012317981,0.9004684845036438,81.4257466864643,1.036043394859779,14.83988348263207,17.95441004195416,2428.981889643171
demo_12,g1,torque,0.001,1,130.1445013547595,411.79378396459543,0.6425035672325301,73.85102142387942,0.5274982054719417,15.253187720177023,24.776691367270537,2618.8488894324587
demo_12,g1,lowpass,1.0,1,119.67591729598286,349.78060691045823,0.5947670904425658,79.74424964734749,0.5119193940127851,13.897836684108759,19.314537940806378,2515.6795723252017
demo_12,g1,lowpass,1.5,1,134.26883387470033,443.47204592991005,0.7422035072228665,79.32046498367166,0.7406606332456234,14.589155622898938,17.7328663107988,2406.045249593711
demo_12,g1,lowpass,4.0,1,161.73851830402975,625.2192560211913,1.0815800868509,85.22581026857213,1.4697105035228184,14.940273038063683,19.379632253468966,2645.547140945488
demo_12,g1,lowpass,6.0,1,170.36056612949713,716.503077944514,1.1961323786700921,87.0228034200909,1.7976276648958722,14.962258637856545,20.648689240474553,2576.328788829284
demo_12,g1,torque,1e-05,1,152.5599633280897,527.9317148545446,0.9702951779731475,83.07754444113024,1.1972912305687444,15.034570459668736,24.486644814035614,2639.282951398889
demo_12,g1,torque,0.0001,1,137.88366936258424,469.3399281339995,0.7490756901096911,75.85195356792127,0.7329956819335901,14.987109167319307,24.59231111170334,2571.5155280674585
demo_12,g1,torque,0.01,1,119.55388032110923,389.92206331044014,0.5375003556289782,81.60818088811905,0.355411192918994,15.829405530542598,24.69962973630557,2544.349994608523
demo_12,g1,torque,0.1,1,123.17118257291735,444.9482398405961,0.5795368046559543,84.65094985987307,0.4546580029507753,17.544942059236266,24.629174912138705,2895.9836293121725
